ano;dbgg_realizado;pib_nominal;primario_realizado;g_nominal;custo_implicito;sim_bols_com_fiscal_lula;sim_lula_com_fiscal_bols
2018;75,27;7004140999893,37;-1,65;;;75,27;75,27
2019;74,44;7389130999453,28;-1,2;0,054966055018848214;0.026514067617648962;74,31666666666666;74,44
2020;86,94;7609597000575,82;-9,79;0,029836526262540408;0.06732788824764913;78,09884336378292;86,94
2021;77,31;9012141999284,48;-0,39;0,18431265132733432;0.04781837060154759;70,17447011205638;77,31
2022;71,68;10079676679176,0;0,55;0,11845515527565764;0.04496204715509955;66,6400087465248;71,68
2023;73,83;10943344667905,0;-2,41;0,08568409644659392;0.08174606819497376;68,80828996479912;74,12749999999998
2024;76,27;11779250581628,3;-0,37;0,07638486578741088;0.10656388071602985;71,10749435633555;78,9133411214953
2025;78,64;12738565613881,1;-0,45;0,0814410921649813;0.10866499274131236;73,3475348593402;83,60738386376973
